run_accession,sample,ftp_url_read_1,ftp_url_read_2
ERR15625353,RCN12087,ftp.sra.ebi.ac.uk/vol1/fastq/ERR156/053/ERR15625353/ERR15625353_1.fastq.gz,ftp.sra.ebi.ac.uk/vol1/fastq/ERR156/053/ERR15625353/ERR15625353_2.fastq.gz
ERR14388624,RCN12032,ftp.sra.ebi.ac.uk/vol1/fastq/ERR143/024/ERR14388624/ERR14388624_1.fastq.gz,ftp.sra.ebi.ac.uk/vol1/fastq/ERR143/024/ERR14388624/ERR14388624_2.fastq.gz
ERR14388626,RCN12032,ftp.sra.ebi.ac.uk/vol1/fastq/ERR143/026/ERR14388626/ERR14388626_1.fastq.gz,ftp.sra.ebi.ac.uk/vol1/fastq/ERR143/026/ERR14388626/ERR14388626_2.fastq.gz
ERR14388776,RCN12087,ftp.sra.ebi.ac.uk/vol1/fastq/ERR143/076/ERR14388776/ERR14388776_1.fastq.gz,ftp.sra.ebi.ac.uk/vol1/fastq/ERR143/076/ERR14388776/ERR14388776_2.fastq.gz
ERR14388604,RCN12025,ftp.sra.ebi.ac.uk/vol1/fastq/ERR143/004/ERR14388604/ERR14388604_1.fastq.gz,ftp.sra.ebi.ac.uk/vol1/fastq/ERR143/004/ERR14388604/ERR14388604_2.fastq.gz
ERR14388627,RCN12033,ftp.sra.ebi.ac.uk/vol1/fastq/ERR143/027/ERR14388627/ERR14388627_1.fastq.gz,ftp.sra.ebi.ac.uk/vol1/fastq/ERR143/027/ERR14388627/ERR14388627_2.fastq.gz
ERR14388629,RCN12033,ftp.sra.ebi.ac.uk/vol1/fastq/ERR143/029/ERR14388629/ERR14388629_1.fastq.gz,ftp.sra.ebi.ac.uk/vol1/fastq/ERR143/029/ERR14388629/ERR14388629_2.fastq.gz
ERR14388625,RCN12032,ftp.sra.ebi.ac.uk/vol1/fastq/ERR143/025/ERR14388625/ERR14388625_1.fastq.gz,ftp.sra.ebi.ac.uk/vol1/fastq/ERR143/025/ERR14388625/ERR14388625_2.fastq.gz
ERR14388628,RCN12033,ftp.sra.ebi.ac.uk/vol1/fastq/ERR143/028/ERR14388628/ERR14388628_1.fastq.gz,ftp.sra.ebi.ac.uk/vol1/fastq/ERR143/028/ERR14388628/ERR14388628_2.fastq.gz
ERR14388774,RCN12087,ftp.sra.ebi.ac.uk/vol1/fastq/ERR143/074/ERR14388774/ERR14388774_1.fastq.gz,ftp.sra.ebi.ac.uk/vol1/fastq/ERR143/074/ERR14388774/ERR14388774_2.fastq.gz
ERR14388775,RCN12087,ftp.sra.ebi.ac.uk/vol1/fastq/ERR143/075/ERR14388775/ERR14388775_1.fastq.gz,ftp.sra.ebi.ac.uk/vol1/fastq/ERR143/075/ERR14388775/ERR14388775_2.fastq.gz
ERR15625311,RCN12032,ftp.sra.ebi.ac.uk/vol1/fastq/ERR156/011/ERR15625311/ERR15625311_1.fastq.gz,ftp.sra.ebi.ac.uk/vol1/fastq/ERR156/011/ERR15625311/ERR15625311_2.fastq.gz
ERR15625312,RCN12033,ftp.sra.ebi.ac.uk/vol1/fastq/ERR156/012/ERR15625312/ERR15625312_1.fastq.gz,ftp.sra.ebi.ac.uk/vol1/fastq/ERR156/012/ERR15625312/ERR15625312_2.fastq.gz
ERR14388603,RCN12025,ftp.sra.ebi.ac.uk/vol1/fastq/ERR143/003/ERR14388603/ERR14388603_1.fastq.gz,ftp.sra.ebi.ac.uk/vol1/fastq/ERR143/003/ERR14388603/ERR14388603_2.fastq.gz
ERR14388605,RCN12025,ftp.sra.ebi.ac.uk/vol1/fastq/ERR143/005/ERR14388605/ERR14388605_1.fastq.gz,ftp.sra.ebi.ac.uk/vol1/fastq/ERR143/005/ERR14388605/ERR14388605_2.fastq.gz
ERR15625306,RCN12025,ftp.sra.ebi.ac.uk/vol1/fastq/ERR156/006/ERR15625306/ERR15625306_1.fastq.gz,ftp.sra.ebi.ac.uk/vol1/fastq/ERR156/006/ERR15625306/ERR15625306_2.fastq.gz
ERR14388981,RCN12484,ftp.sra.ebi.ac.uk/vol1/fastq/ERR143/081/ERR14388981/ERR14388981_1.fastq.gz,ftp.sra.ebi.ac.uk/vol1/fastq/ERR143/081/ERR14388981/ERR14388981_2.fastq.gz
ERR14388969,RCN12480,ftp.sra.ebi.ac.uk/vol1/fastq/ERR143/069/ERR14388969/ERR14388969_1.fastq.gz,ftp.sra.ebi.ac.uk/vol1/fastq/ERR143/069/ERR14388969/ERR14388969_2.fastq.gz
ERR15625550,RCN12710,ftp.sra.ebi.ac.uk/vol1/fastq/ERR156/050/ERR15625550/ERR15625550_1.fastq.gz,ftp.sra.ebi.ac.uk/vol1/fastq/ERR156/050/ERR15625550/ERR15625550_2.fastq.gz
ERR14388983,RCN12484,ftp.sra.ebi.ac.uk/vol1/fastq/ERR143/083/ERR14388983/ERR14388983_1.fastq.gz,ftp.sra.ebi.ac.uk/vol1/fastq/ERR143/083/ERR14388983/ERR14388983_2.fastq.gz
ERR14388982,RCN12484,ftp.sra.ebi.ac.uk/vol1/fastq/ERR143/082/ERR14388982/ERR14388982_1.fastq.gz,ftp.sra.ebi.ac.uk/vol1/fastq/ERR143/082/ERR14388982/ERR14388982_2.fastq.gz
ERR15625454,RCN12484,ftp.sra.ebi.ac.uk/vol1/fastq/ERR156/054/ERR15625454/ERR15625454_1.fastq.gz,ftp.sra.ebi.ac.uk/vol1/fastq/ERR156/054/ERR15625454/ERR15625454_2.fastq.gz
ERR14388970,RCN12480,ftp.sra.ebi.ac.uk/vol1/fastq/ERR143/070/ERR14388970/ERR14388970_1.fastq.gz,ftp.sra.ebi.ac.uk/vol1/fastq/ERR143/070/ERR14388970/ERR14388970_2.fastq.gz
ERR14388971,RCN12480,ftp.sra.ebi.ac.uk/vol1/fastq/ERR143/071/ERR14388971/ERR14388971_1.fastq.gz,ftp.sra.ebi.ac.uk/vol1/fastq/ERR143/071/ERR14388971/ERR14388971_2.fastq.gz
ERR14389407,RCN12710,ftp.sra.ebi.ac.uk/vol1/fastq/ERR143/007/ERR14389407/ERR14389407_1.fastq.gz,ftp.sra.ebi.ac.uk/vol1/fastq/ERR143/007/ERR14389407/ERR14389407_2.fastq.gz
ERR14389408,RCN12710,ftp.sra.ebi.ac.uk/vol1/fastq/ERR143/008/ERR14389408/ERR14389408_1.fastq.gz,ftp.sra.ebi.ac.uk/vol1/fastq/ERR143/008/ERR14389408/ERR14389408_2.fastq.gz
ERR14389409,RCN12710,ftp.sra.ebi.ac.uk/vol1/fastq/ERR143/009/ERR14389409/ERR14389409_1.fastq.gz,ftp.sra.ebi.ac.uk/vol1/fastq/ERR143/009/ERR14389409/ERR14389409_2.fastq.gz
ERR15625450,RCN12480,ftp.sra.ebi.ac.uk/vol1/fastq/ERR156/050/ERR15625450/ERR15625450_1.fastq.gz,ftp.sra.ebi.ac.uk/vol1/fastq/ERR156/050/ERR15625450/ERR15625450_2.fastq.gz
ERR14389462,RCN12729,ftp.sra.ebi.ac.uk/vol1/fastq/ERR143/062/ERR14389462/ERR14389462_1.fastq.gz,ftp.sra.ebi.ac.uk/vol1/fastq/ERR143/062/ERR14389462/ERR14389462_2.fastq.gz
ERR14389593,RCN12796,ftp.sra.ebi.ac.uk/vol1/fastq/ERR143/093/ERR14389593/ERR14389593_1.fastq.gz,ftp.sra.ebi.ac.uk/vol1/fastq/ERR143/093/ERR14389593/ERR14389593_2.fastq.gz
ERR14389594,RCN12796,ftp.sra.ebi.ac.uk/vol1/fastq/ERR143/094/ERR14389594/ERR14389594_1.fastq.gz,ftp.sra.ebi.ac.uk/vol1/fastq/ERR143/094/ERR14389594/ERR14389594_2.fastq.gz
ERR14389595,RCN12796,ftp.sra.ebi.ac.uk/vol1/fastq/ERR143/095/ERR14389595/ERR14389595_1.fastq.gz,ftp.sra.ebi.ac.uk/vol1/fastq/ERR143/095/ERR14389595/ERR14389595_2.fastq.gz
ERR15625560,RCN12729,ftp.sra.ebi.ac.uk/vol1/fastq/ERR156/060/ERR15625560/ERR15625560_1.fastq.gz,ftp.sra.ebi.ac.uk/vol1/fastq/ERR156/060/ERR15625560/ERR15625560_2.fastq.gz
ERR14389576,RCN12789,ftp.sra.ebi.ac.uk/vol1/fastq/ERR143/076/ERR14389576/ERR14389576_1.fastq.gz,ftp.sra.ebi.ac.uk/vol1/fastq/ERR143/076/ERR14389576/ERR14389576_2.fastq.gz
ERR15625601,RCN12796,ftp.sra.ebi.ac.uk/vol1/fastq/ERR156/001/ERR15625601/ERR15625601_1.fastq.gz,ftp.sra.ebi.ac.uk/vol1/fastq/ERR156/001/ERR15625601/ERR15625601_2.fastq.gz
ERR14389461,RCN12729,ftp.sra.ebi.ac.uk/vol1/fastq/ERR143/061/ERR14389461/ERR14389461_1.fastq.gz,ftp.sra.ebi.ac.uk/vol1/fastq/ERR143/061/ERR14389461/ERR14389461_2.fastq.gz
ERR14389463,RCN12729,ftp.sra.ebi.ac.uk/vol1/fastq/ERR143/063/ERR14389463/ERR14389463_1.fastq.gz,ftp.sra.ebi.ac.uk/vol1/fastq/ERR143/063/ERR14389463/ERR14389463_2.fastq.gz
ERR14389575,RCN12789,ftp.sra.ebi.ac.uk/vol1/fastq/ERR143/075/ERR14389575/ERR14389575_1.fastq.gz,ftp.sra.ebi.ac.uk/vol1/fastq/ERR143/075/ERR14389575/ERR14389575_2.fastq.gz
ERR14389577,RCN12789,ftp.sra.ebi.ac.uk/vol1/fastq/ERR143/077/ERR14389577/ERR14389577_1.fastq.gz,ftp.sra.ebi.ac.uk/vol1/fastq/ERR143/077/ERR14389577/ERR14389577_2.fastq.gz
ERR15625594,RCN12789,ftp.sra.ebi.ac.uk/vol1/fastq/ERR156/094/ERR15625594/ERR15625594_1.fastq.gz,ftp.sra.ebi.ac.uk/vol1/fastq/ERR156/094/ERR15625594/ERR15625594_2.fastq.gz
ERR14389757,RCN12854,ftp.sra.ebi.ac.uk/vol1/fastq/ERR143/057/ERR14389757/ERR14389757_1.fastq.gz,ftp.sra.ebi.ac.uk/vol1/fastq/ERR143/057/ERR14389757/ERR14389757_2.fastq.gz
ERR14390181,RCN13368,ftp.sra.ebi.ac.uk/vol1/fastq/ERR143/081/ERR14390181/ERR14390181_1.fastq.gz,ftp.sra.ebi.ac.uk/vol1/fastq/ERR143/081/ERR14390181/ERR14390181_2.fastq.gz
ERR14390183,RCN13368,ftp.sra.ebi.ac.uk/vol1/fastq/ERR143/083/ERR14390183/ERR14390183_1.fastq.gz,ftp.sra.ebi.ac.uk/vol1/fastq/ERR143/083/ERR14390183/ERR14390183_2.fastq.gz
ERR14390295,RCN13407,ftp.sra.ebi.ac.uk/vol1/fastq/ERR143/095/ERR14390295/ERR14390295_1.fastq.gz,ftp.sra.ebi.ac.uk/vol1/fastq/ERR143/095/ERR14390295/ERR14390295_2.fastq.gz
ERR14390297,RCN13407,ftp.sra.ebi.ac.uk/vol1/fastq/ERR143/097/ERR14390297/ERR14390297_1.fastq.gz,ftp.sra.ebi.ac.uk/vol1/fastq/ERR143/097/ERR14390297/ERR14390297_2.fastq.gz
ERR14389779,RCN12865,ftp.sra.ebi.ac.uk/vol1/fastq/ERR143/079/ERR14389779/ERR14389779_1.fastq.gz,ftp.sra.ebi.ac.uk/vol1/fastq/ERR143/079/ERR14389779/ERR14389779_2.fastq.gz
ERR14389781,RCN12865,ftp.sra.ebi.ac.uk/vol1/fastq/ERR143/081/ERR14389781/ERR14389781_1.fastq.gz,ftp.sra.ebi.ac.uk/vol1/fastq/ERR143/081/ERR14389781/ERR14389781_2.fastq.gz
ERR15625667,RCN12865,ftp.sra.ebi.ac.uk/vol1/fastq/ERR156/067/ERR15625667/ERR15625667_1.fastq.gz,ftp.sra.ebi.ac.uk/vol1/fastq/ERR156/067/ERR15625667/ERR15625667_2.fastq.gz
ERR14389777,RCN12862,ftp.sra.ebi.ac.uk/vol1/fastq/ERR143/077/ERR14389777/ERR14389777_1.fastq.gz,ftp.sra.ebi.ac.uk/vol1/fastq/ERR143/077/ERR14389777/ERR14389777_2.fastq.gz
ERR14389780,RCN12865,ftp.sra.ebi.ac.uk/vol1/fastq/ERR143/080/ERR14389780/ERR14389780_1.fastq.gz,ftp.sra.ebi.ac.uk/vol1/fastq/ERR143/080/ERR14389780/ERR14389780_2.fastq.gz
ERR14389760,RCN12855,ftp.sra.ebi.ac.uk/vol1/fastq/ERR143/060/ERR14389760/ERR14389760_1.fastq.gz,ftp.sra.ebi.ac.uk/vol1/fastq/ERR143/060/ERR14389760/ERR14389760_2.fastq.gz
ERR14390084,RCN13333,ftp.sra.ebi.ac.uk/vol1/fastq/ERR143/084/ERR14390084/ERR14390084_1.fastq.gz,ftp.sra.ebi.ac.uk/vol1/fastq/ERR143/084/ERR14390084/ERR14390084_2.fastq.gz
ERR15625675,RCN12873,ftp.sra.ebi.ac.uk/vol1/fastq/ERR156/075/ERR15625675/ERR15625675_1.fastq.gz,ftp.sra.ebi.ac.uk/vol1/fastq/ERR156/075/ERR15625675/ERR15625675_2.fastq.gz
ERR14390182,RCN13368,ftp.sra.ebi.ac.uk/vol1/fastq/ERR143/082/ERR14390182/ERR14390182_1.fastq.gz,ftp.sra.ebi.ac.uk/vol1/fastq/ERR143/082/ERR14390182/ERR14390182_2.fastq.gz
ERR15625908,RCN13368,ftp.sra.ebi.ac.uk/vol1/fastq/ERR156/008/ERR15625908/ERR15625908_1.fastq.gz,ftp.sra.ebi.ac.uk/vol1/fastq/ERR156/008/ERR15625908/ERR15625908_2.fastq.gz
ERR14390296,RCN13407,ftp.sra.ebi.ac.uk/vol1/fastq/ERR143/096/ERR14390296/ERR14390296_1.fastq.gz,ftp.sra.ebi.ac.uk/vol1/fastq/ERR143/096/ERR14390296/ERR14390296_2.fastq.gz
ERR15625945,RCN13407,ftp.sra.ebi.ac.uk/vol1/fastq/ERR156/045/ERR15625945/ERR15625945_1.fastq.gz,ftp.sra.ebi.ac.uk/vol1/fastq/ERR156/045/ERR15625945/ERR15625945_2.fastq.gz
ERR14389755,RCN12854,ftp.sra.ebi.ac.uk/vol1/fastq/ERR143/055/ERR14389755/ERR14389755_1.fastq.gz,ftp.sra.ebi.ac.uk/vol1/fastq/ERR143/055/ERR14389755/ERR14389755_2.fastq.gz
ERR14389756,RCN12854,ftp.sra.ebi.ac.uk/vol1/fastq/ERR143/056/ERR14389756/ERR14389756_1.fastq.gz,ftp.sra.ebi.ac.uk/vol1/fastq/ERR143/056/ERR14389756/ERR14389756_2.fastq.gz
ERR14389758,RCN12855,ftp.sra.ebi.ac.uk/vol1/fastq/ERR143/058/ERR14389758/ERR14389758_1.fastq.gz,ftp.sra.ebi.ac.uk/vol1/fastq/ERR143/058/ERR14389758/ERR14389758_2.fastq.gz
ERR14389759,RCN12855,ftp.sra.ebi.ac.uk/vol1/fastq/ERR143/059/ERR14389759/ERR14389759_1.fastq.gz,ftp.sra.ebi.ac.uk/vol1/fastq/ERR143/059/ERR14389759/ERR14389759_2.fastq.gz
ERR14389800,RCN12873,ftp.sra.ebi.ac.uk/vol1/fastq/ERR143/000/ERR14389800/ERR14389800_1.fastq.gz,ftp.sra.ebi.ac.uk/vol1/fastq/ERR143/000/ERR14389800/ERR14389800_2.fastq.gz
ERR14389801,RCN12873,ftp.sra.ebi.ac.uk/vol1/fastq/ERR143/001/ERR14389801/ERR14389801_1.fastq.gz,ftp.sra.ebi.ac.uk/vol1/fastq/ERR143/001/ERR14389801/ERR14389801_2.fastq.gz
ERR14389802,RCN12873,ftp.sra.ebi.ac.uk/vol1/fastq/ERR143/002/ERR14389802/ERR14389802_1.fastq.gz,ftp.sra.ebi.ac.uk/vol1/fastq/ERR143/002/ERR14389802/ERR14389802_2.fastq.gz
ERR14390082,RCN13333,ftp.sra.ebi.ac.uk/vol1/fastq/ERR143/082/ERR14390082/ERR14390082_1.fastq.gz,ftp.sra.ebi.ac.uk/vol1/fastq/ERR143/082/ERR14390082/ERR14390082_2.fastq.gz
ERR14390083,RCN13333,ftp.sra.ebi.ac.uk/vol1/fastq/ERR143/083/ERR14390083/ERR14390083_1.fastq.gz,ftp.sra.ebi.ac.uk/vol1/fastq/ERR143/083/ERR14390083/ERR14390083_2.fastq.gz
ERR15625656,RCN12854,ftp.sra.ebi.ac.uk/vol1/fastq/ERR156/056/ERR15625656/ERR15625656_1.fastq.gz,ftp.sra.ebi.ac.uk/vol1/fastq/ERR156/056/ERR15625656/ERR15625656_2.fastq.gz
ERR15625657,RCN12855,ftp.sra.ebi.ac.uk/vol1/fastq/ERR156/057/ERR15625657/ERR15625657_1.fastq.gz,ftp.sra.ebi.ac.uk/vol1/fastq/ERR156/057/ERR15625657/ERR15625657_2.fastq.gz
ERR15625873,RCN13333,ftp.sra.ebi.ac.uk/vol1/fastq/ERR156/073/ERR15625873/ERR15625873_1.fastq.gz,ftp.sra.ebi.ac.uk/vol1/fastq/ERR156/073/ERR15625873/ERR15625873_2.fastq.gz
ERR14389776,RCN12862,ftp.sra.ebi.ac.uk/vol1/fastq/ERR143/076/ERR14389776/ERR14389776_1.fastq.gz,ftp.sra.ebi.ac.uk/vol1/fastq/ERR143/076/ERR14389776/ERR14389776_2.fastq.gz
ERR14389778,RCN12862,ftp.sra.ebi.ac.uk/vol1/fastq/ERR143/078/ERR14389778/ERR14389778_1.fastq.gz,ftp.sra.ebi.ac.uk/vol1/fastq/ERR143/078/ERR14389778/ERR14389778_2.fastq.gz
ERR15625664,RCN12862,ftp.sra.ebi.ac.uk/vol1/fastq/ERR156/064/ERR15625664/ERR15625664_1.fastq.gz,ftp.sra.ebi.ac.uk/vol1/fastq/ERR156/064/ERR15625664/ERR15625664_2.fastq.gz
ERR15626013,RCN13481,ftp.sra.ebi.ac.uk/vol1/fastq/ERR156/013/ERR15626013/ERR15626013_1.fastq.gz,ftp.sra.ebi.ac.uk/vol1/fastq/ERR156/013/ERR15626013/ERR15626013_2.fastq.gz
ERR15626056,RCN13528,ftp.sra.ebi.ac.uk/vol1/fastq/ERR156/056/ERR15626056/ERR15626056_1.fastq.gz,ftp.sra.ebi.ac.uk/vol1/fastq/ERR156/056/ERR15626056/ERR15626056_2.fastq.gz
ERR14390643,RCN13532,ftp.sra.ebi.ac.uk/vol1/fastq/ERR143/043/ERR14390643/ERR14390643_1.fastq.gz,ftp.sra.ebi.ac.uk/vol1/fastq/ERR143/043/ERR14390643/ERR14390643_2.fastq.gz
ERR14390644,RCN13532,ftp.sra.ebi.ac.uk/vol1/fastq/ERR143/044/ERR14390644/ERR14390644_1.fastq.gz,ftp.sra.ebi.ac.uk/vol1/fastq/ERR143/044/ERR14390644/ERR14390644_2.fastq.gz
ERR14390645,RCN13532,ftp.sra.ebi.ac.uk/vol1/fastq/ERR143/045/ERR14390645/ERR14390645_1.fastq.gz,ftp.sra.ebi.ac.uk/vol1/fastq/ERR143/045/ERR14390645/ERR14390645_2.fastq.gz
ERR14390631,RCN13528,ftp.sra.ebi.ac.uk/vol1/fastq/ERR143/031/ERR14390631/ERR14390631_1.fastq.gz,ftp.sra.ebi.ac.uk/vol1/fastq/ERR143/031/ERR14390631/ERR14390631_2.fastq.gz
ERR15626060,RCN13532,ftp.sra.ebi.ac.uk/vol1/fastq/ERR156/060/ERR15626060/ERR15626060_1.fastq.gz,ftp.sra.ebi.ac.uk/vol1/fastq/ERR156/060/ERR15626060/ERR15626060_2.fastq.gz
ERR14390501,RCN13481,ftp.sra.ebi.ac.uk/vol1/fastq/ERR143/001/ERR14390501/ERR14390501_1.fastq.gz,ftp.sra.ebi.ac.uk/vol1/fastq/ERR143/001/ERR14390501/ERR14390501_2.fastq.gz
ERR14390499,RCN13481,ftp.sra.ebi.ac.uk/vol1/fastq/ERR143/099/ERR14390499/ERR14390499_1.fastq.gz,ftp.sra.ebi.ac.uk/vol1/fastq/ERR143/099/ERR14390499/ERR14390499_2.fastq.gz
ERR14390500,RCN13481,ftp.sra.ebi.ac.uk/vol1/fastq/ERR143/000/ERR14390500/ERR14390500_1.fastq.gz,ftp.sra.ebi.ac.uk/vol1/fastq/ERR143/000/ERR14390500/ERR14390500_2.fastq.gz
ERR14390559,RCN13501,ftp.sra.ebi.ac.uk/vol1/fastq/ERR143/059/ERR14390559/ERR14390559_1.fastq.gz,ftp.sra.ebi.ac.uk/vol1/fastq/ERR143/059/ERR14390559/ERR14390559_2.fastq.gz
ERR14390560,RCN13501,ftp.sra.ebi.ac.uk/vol1/fastq/ERR143/060/ERR14390560/ERR14390560_1.fastq.gz,ftp.sra.ebi.ac.uk/vol1/fastq/ERR143/060/ERR14390560/ERR14390560_2.fastq.gz
ERR14390561,RCN13501,ftp.sra.ebi.ac.uk/vol1/fastq/ERR143/061/ERR14390561/ERR14390561_1.fastq.gz,ftp.sra.ebi.ac.uk/vol1/fastq/ERR143/061/ERR14390561/ERR14390561_2.fastq.gz
ERR14390632,RCN13528,ftp.sra.ebi.ac.uk/vol1/fastq/ERR143/032/ERR14390632/ERR14390632_1.fastq.gz,ftp.sra.ebi.ac.uk/vol1/fastq/ERR143/032/ERR14390632/ERR14390632_2.fastq.gz
ERR14390633,RCN13528,ftp.sra.ebi.ac.uk/vol1/fastq/ERR143/033/ERR14390633/ERR14390633_1.fastq.gz,ftp.sra.ebi.ac.uk/vol1/fastq/ERR143/033/ERR14390633/ERR14390633_2.fastq.gz
ERR15626033,RCN13501,ftp.sra.ebi.ac.uk/vol1/fastq/ERR156/033/ERR15626033/ERR15626033_1.fastq.gz,ftp.sra.ebi.ac.uk/vol1/fastq/ERR156/033/ERR15626033/ERR15626033_2.fastq.gz
ERR14390721,RCN13560,ftp.sra.ebi.ac.uk/vol1/fastq/ERR143/021/ERR14390721/ERR14390721_1.fastq.gz,ftp.sra.ebi.ac.uk/vol1/fastq/ERR143/021/ERR14390721/ERR14390721_2.fastq.gz
ERR14390722,RCN13560,ftp.sra.ebi.ac.uk/vol1/fastq/ERR143/022/ERR14390722/ERR14390722_1.fastq.gz,ftp.sra.ebi.ac.uk/vol1/fastq/ERR143/022/ERR14390722/ERR14390722_2.fastq.gz
ERR14390793,RCN13585,ftp.sra.ebi.ac.uk/vol1/fastq/ERR143/093/ERR14390793/ERR14390793_1.fastq.gz,ftp.sra.ebi.ac.uk/vol1/fastq/ERR143/093/ERR14390793/ERR14390793_2.fastq.gz
ERR14390794,RCN13585,ftp.sra.ebi.ac.uk/vol1/fastq/ERR143/094/ERR14390794/ERR14390794_1.fastq.gz,ftp.sra.ebi.ac.uk/vol1/fastq/ERR143/094/ERR14390794/ERR14390794_2.fastq.gz
ERR15626111,RCN13585,ftp.sra.ebi.ac.uk/vol1/fastq/ERR156/011/ERR15626111/ERR15626111_1.fastq.gz,ftp.sra.ebi.ac.uk/vol1/fastq/ERR156/011/ERR15626111/ERR15626111_2.fastq.gz
ERR14390795,RCN13585,ftp.sra.ebi.ac.uk/vol1/fastq/ERR143/095/ERR14390795/ERR14390795_1.fastq.gz,ftp.sra.ebi.ac.uk/vol1/fastq/ERR143/095/ERR14390795/ERR14390795_2.fastq.gz
ERR15626087,RCN13560,ftp.sra.ebi.ac.uk/vol1/fastq/ERR156/087/ERR15626087/ERR15626087_1.fastq.gz,ftp.sra.ebi.ac.uk/vol1/fastq/ERR156/087/ERR15626087/ERR15626087_2.fastq.gz
ERR14390723,RCN13560,ftp.sra.ebi.ac.uk/vol1/fastq/ERR143/023/ERR14390723/ERR14390723_1.fastq.gz,ftp.sra.ebi.ac.uk/vol1/fastq/ERR143/023/ERR14390723/ERR14390723_2.fastq.gz
ERR15626095,RCN13568,ftp.sra.ebi.ac.uk/vol1/fastq/ERR156/095/ERR15626095/ERR15626095_1.fastq.gz,ftp.sra.ebi.ac.uk/vol1/fastq/ERR156/095/ERR15626095/ERR15626095_2.fastq.gz
ERR14390745,RCN13568,ftp.sra.ebi.ac.uk/vol1/fastq/ERR143/045/ERR14390745/ERR14390745_1.fastq.gz,ftp.sra.ebi.ac.uk/vol1/fastq/ERR143/045/ERR14390745/ERR14390745_2.fastq.gz
ERR14390746,RCN13568,ftp.sra.ebi.ac.uk/vol1/fastq/ERR143/046/ERR14390746/ERR14390746_1.fastq.gz,ftp.sra.ebi.ac.uk/vol1/fastq/ERR143/046/ERR14390746/ERR14390746_2.fastq.gz
ERR14390747,RCN13568,ftp.sra.ebi.ac.uk/vol1/fastq/ERR143/047/ERR14390747/ERR14390747_1.fastq.gz,ftp.sra.ebi.ac.uk/vol1/fastq/ERR143/047/ERR14390747/ERR14390747_2.fastq.gz
ERR15626429,RCN14580,ftp.sra.ebi.ac.uk/vol1/fastq/ERR156/029/ERR15626429/ERR15626429_1.fastq.gz,ftp.sra.ebi.ac.uk/vol1/fastq/ERR156/029/ERR15626429/ERR15626429_2.fastq.gz
ERR14391281,RCN14580,ftp.sra.ebi.ac.uk/vol1/fastq/ERR143/081/ERR14391281/ERR14391281_1.fastq.gz,ftp.sra.ebi.ac.uk/vol1/fastq/ERR143/081/ERR14391281/ERR14391281_2.fastq.gz
ERR14391279,RCN14580,ftp.sra.ebi.ac.uk/vol1/fastq/ERR143/079/ERR14391279/ERR14391279_1.fastq.gz,ftp.sra.ebi.ac.uk/vol1/fastq/ERR143/079/ERR14391279/ERR14391279_2.fastq.gz
ERR14391280,RCN14580,ftp.sra.ebi.ac.uk/vol1/fastq/ERR143/080/ERR14391280/ERR14391280_1.fastq.gz,ftp.sra.ebi.ac.uk/vol1/fastq/ERR143/080/ERR14391280/ERR14391280_2.fastq.gz
ERR14391457,RCN14642,ftp.sra.ebi.ac.uk/vol1/fastq/ERR143/057/ERR14391457/ERR14391457_1.fastq.gz,ftp.sra.ebi.ac.uk/vol1/fastq/ERR143/057/ERR14391457/ERR14391457_2.fastq.gz
ERR15626490,RCN14642,ftp.sra.ebi.ac.uk/vol1/fastq/ERR156/090/ERR15626490/ERR15626490_1.fastq.gz,ftp.sra.ebi.ac.uk/vol1/fastq/ERR156/090/ERR15626490/ERR15626490_2.fastq.gz
ERR14391456,RCN14642,ftp.sra.ebi.ac.uk/vol1/fastq/ERR143/056/ERR14391456/ERR14391456_1.fastq.gz,ftp.sra.ebi.ac.uk/vol1/fastq/ERR143/056/ERR14391456/ERR14391456_2.fastq.gz
ERR14391458,RCN14642,ftp.sra.ebi.ac.uk/vol1/fastq/ERR143/058/ERR14391458/ERR14391458_1.fastq.gz,ftp.sra.ebi.ac.uk/vol1/fastq/ERR143/058/ERR14391458/ERR14391458_2.fastq.gz
ERR14392568,RCN15107,ftp.sra.ebi.ac.uk/vol1/fastq/ERR143/068/ERR14392568/ERR14392568_1.fastq.gz,ftp.sra.ebi.ac.uk/vol1/fastq/ERR143/068/ERR14392568/ERR14392568_2.fastq.gz
ERR14393039,RCN15274,ftp.sra.ebi.ac.uk/vol1/fastq/ERR143/039/ERR14393039/ERR14393039_1.fastq.gz,ftp.sra.ebi.ac.uk/vol1/fastq/ERR143/039/ERR14393039/ERR14393039_2.fastq.gz
ERR15626931,RCN15274,ftp.sra.ebi.ac.uk/vol1/fastq/ERR156/031/ERR15626931/ERR15626931_1.fastq.gz,ftp.sra.ebi.ac.uk/vol1/fastq/ERR156/031/ERR15626931/ERR15626931_2.fastq.gz
ERR15626787,RCN15107,ftp.sra.ebi.ac.uk/vol1/fastq/ERR156/087/ERR15626787/ERR15626787_1.fastq.gz,ftp.sra.ebi.ac.uk/vol1/fastq/ERR156/087/ERR15626787/ERR15626787_2.fastq.gz
ERR14392566,RCN15107,ftp.sra.ebi.ac.uk/vol1/fastq/ERR143/066/ERR14392566/ERR14392566_1.fastq.gz,ftp.sra.ebi.ac.uk/vol1/fastq/ERR143/066/ERR14392566/ERR14392566_2.fastq.gz
ERR14392567,RCN15107,ftp.sra.ebi.ac.uk/vol1/fastq/ERR143/067/ERR14392567/ERR14392567_1.fastq.gz,ftp.sra.ebi.ac.uk/vol1/fastq/ERR143/067/ERR14392567/ERR14392567_2.fastq.gz
ERR14393037,RCN15274,ftp.sra.ebi.ac.uk/vol1/fastq/ERR143/037/ERR14393037/ERR14393037_1.fastq.gz,ftp.sra.ebi.ac.uk/vol1/fastq/ERR143/037/ERR14393037/ERR14393037_2.fastq.gz
ERR14393038,RCN15274,ftp.sra.ebi.ac.uk/vol1/fastq/ERR143/038/ERR14393038/ERR14393038_1.fastq.gz,ftp.sra.ebi.ac.uk/vol1/fastq/ERR143/038/ERR14393038/ERR14393038_2.fastq.gz
ERR14393232,RCN15343,ftp.sra.ebi.ac.uk/vol1/fastq/ERR143/032/ERR14393232/ERR14393232_1.fastq.gz,ftp.sra.ebi.ac.uk/vol1/fastq/ERR143/032/ERR14393232/ERR14393232_2.fastq.gz
ERR14393279,RCN15359,ftp.sra.ebi.ac.uk/vol1/fastq/ERR143/079/ERR14393279/ERR14393279_1.fastq.gz,ftp.sra.ebi.ac.uk/vol1/fastq/ERR143/079/ERR14393279/ERR14393279_2.fastq.gz
ERR14393233,RCN15343,ftp.sra.ebi.ac.uk/vol1/fastq/ERR143/033/ERR14393233/ERR14393233_1.fastq.gz,ftp.sra.ebi.ac.uk/vol1/fastq/ERR143/033/ERR14393233/ERR14393233_2.fastq.gz
ERR15627012,RCN15359,ftp.sra.ebi.ac.uk/vol1/fastq/ERR156/012/ERR15627012/ERR15627012_1.fastq.gz,ftp.sra.ebi.ac.uk/vol1/fastq/ERR156/012/ERR15627012/ERR15627012_2.fastq.gz
ERR14393234,RCN15343,ftp.sra.ebi.ac.uk/vol1/fastq/ERR143/034/ERR14393234/ERR14393234_1.fastq.gz,ftp.sra.ebi.ac.uk/vol1/fastq/ERR143/034/ERR14393234/ERR14393234_2.fastq.gz
ERR14393277,RCN15359,ftp.sra.ebi.ac.uk/vol1/fastq/ERR143/077/ERR14393277/ERR14393277_1.fastq.gz,ftp.sra.ebi.ac.uk/vol1/fastq/ERR143/077/ERR14393277/ERR14393277_2.fastq.gz
ERR14393278,RCN15359,ftp.sra.ebi.ac.uk/vol1/fastq/ERR143/078/ERR14393278/ERR14393278_1.fastq.gz,ftp.sra.ebi.ac.uk/vol1/fastq/ERR143/078/ERR14393278/ERR14393278_2.fastq.gz
ERR15626997,RCN15343,ftp.sra.ebi.ac.uk/vol1/fastq/ERR156/097/ERR15626997/ERR15626997_1.fastq.gz,ftp.sra.ebi.ac.uk/vol1/fastq/ERR156/097/ERR15626997/ERR15626997_2.fastq.gz
ERR14394294,RCN18593,ftp.sra.ebi.ac.uk/vol1/fastq/ERR143/094/ERR14394294/ERR14394294_1.fastq.gz,ftp.sra.ebi.ac.uk/vol1/fastq/ERR143/094/ERR14394294/ERR14394294_2.fastq.gz
ERR14394296,RCN18593,ftp.sra.ebi.ac.uk/vol1/fastq/ERR143/096/ERR14394296/ERR14394296_1.fastq.gz,ftp.sra.ebi.ac.uk/vol1/fastq/ERR143/096/ERR14394296/ERR14394296_2.fastq.gz
ERR14394295,RCN18593,ftp.sra.ebi.ac.uk/vol1/fastq/ERR143/095/ERR14394295/ERR14394295_1.fastq.gz,ftp.sra.ebi.ac.uk/vol1/fastq/ERR143/095/ERR14394295/ERR14394295_2.fastq.gz
ERR15627334,RCN18593,ftp.sra.ebi.ac.uk/vol1/fastq/ERR156/034/ERR15627334/ERR15627334_1.fastq.gz,ftp.sra.ebi.ac.uk/vol1/fastq/ERR156/034/ERR15627334/ERR15627334_2.fastq.gz
ERR14395863,RCN25190,ftp.sra.ebi.ac.uk/vol1/fastq/ERR143/063/ERR14395863/ERR14395863_1.fastq.gz,ftp.sra.ebi.ac.uk/vol1/fastq/ERR143/063/ERR14395863/ERR14395863_2.fastq.gz
ERR14396599,RCN25946,ftp.sra.ebi.ac.uk/vol1/fastq/ERR143/099/ERR14396599/ERR14396599_1.fastq.gz,ftp.sra.ebi.ac.uk/vol1/fastq/ERR143/099/ERR14396599/ERR14396599_2.fastq.gz
ERR15628559,RCN25946,ftp.sra.ebi.ac.uk/vol1/fastq/ERR156/059/ERR15628559/ERR15628559_1.fastq.gz,ftp.sra.ebi.ac.uk/vol1/fastq/ERR156/059/ERR15628559/ERR15628559_2.fastq.gz
ERR14395864,RCN25190,ftp.sra.ebi.ac.uk/vol1/fastq/ERR143/064/ERR14395864/ERR14395864_1.fastq.gz,ftp.sra.ebi.ac.uk/vol1/fastq/ERR143/064/ERR14395864/ERR14395864_2.fastq.gz
ERR14395865,RCN25190,ftp.sra.ebi.ac.uk/vol1/fastq/ERR143/065/ERR14395865/ERR14395865_1.fastq.gz,ftp.sra.ebi.ac.uk/vol1/fastq/ERR143/065/ERR14395865/ERR14395865_2.fastq.gz
ERR15628307,RCN25190,ftp.sra.ebi.ac.uk/vol1/fastq/ERR156/007/ERR15628307/ERR15628307_1.fastq.gz,ftp.sra.ebi.ac.uk/vol1/fastq/ERR156/007/ERR15628307/ERR15628307_2.fastq.gz
ERR14396598,RCN25946,ftp.sra.ebi.ac.uk/vol1/fastq/ERR143/098/ERR14396598/ERR14396598_1.fastq.gz,ftp.sra.ebi.ac.uk/vol1/fastq/ERR143/098/ERR14396598/ERR14396598_2.fastq.gz
ERR14396600,RCN25946,ftp.sra.ebi.ac.uk/vol1/fastq/ERR143/000/ERR14396600/ERR14396600_1.fastq.gz,ftp.sra.ebi.ac.uk/vol1/fastq/ERR143/000/ERR14396600/ERR14396600_2.fastq.gz
